{"accuracy": [0.04077046364545822, 0.073194220662117, 0.12166934460401535, 0.1695024073123932, 0.2532905340194702, 0.3489566743373871, 0.43467095494270325, 0.5287319421768188, 0.6247190833091736, 0.6844301819801331, 0.737399697303772, 0.7768860459327698, 0.8051364421844482, 0.8362760543823242, 0.8590690493583679, 0.8455858826637268, 0.8603531122207642, 0.8725521564483643, 0.8895666003227234, 0.9104334115982056, 0.8953450918197632, 0.9216693639755249, 0.9091492891311646, 0.9280899167060852, 0.9152488112449646, 0.9162119030952454, 0.9380417466163635, 0.9370786547660828, 0.9505618214607239, 0.9502407908439636, 0.9502407908439636, 0.9463884234428406], "loss": [5.7711334228515625, 3.4602019786834717, 3.266977071762085, 3.032163619995117, 2.709911823272705, 2.343956232070923, 2.0232973098754883, 1.6347761154174805, 1.3128186464309692, 1.1075496673583984, 0.9138771295547485, 0.8064624071121216, 0.6938722729682922, 0.5753016471862793, 0.49400240182876587, 0.5376229882240295, 0.5191023349761963, 0.4636602997779846, 0.40695276856422424, 0.32754281163215637, 0.4063551127910614, 0.3041849434375763, 0.3186612129211426, 0.30735594034194946, 0.31801414489746094, 0.3022967576980591, 0.2329123169183731, 0.2319132387638092, 0.1860932856798172, 0.195052370429039, 0.18953600525856018, 0.2031884491443634], "val_accuracy": [0.06267806142568588, 0.2678062617778778, 0.30199429392814636, 0.470085471868515, 0.4871794879436493, 0.7150996923446655, 0.7236467003822327, 0.7920227646827698, 0.874643862247467, 0.8660968542098999, 0.8518518805503845, 0.8888888955116272, 0.9088318943977356, 0.9116809368133545, 0.9173789024353027, 0.9202279448509216, 0.9116809368133545, 0.9373219609260559, 0.945868968963623, 0.9544159770011902, 0.9544159770011902, 0.9544159770011902, 0.9430199265480042, 0.945868968963623, 0.94017094373703, 0.9544159770011902, 0.9544159770011902, 0.9544159770011902, 0.9515669345855713, 0.9572649598121643, 0.9544159770011902, 0.9515669345855713], "val_loss": [3.4165446758270264, 3.188957452774048, 2.7445731163024902, 2.2831315994262695, 2.0088086128234863, 1.3823060989379883, 1.3438626527786255, 0.9149373173713684, 0.655773401260376, 0.6968042254447937, 0.6897886991500854, 0.5705134272575378, 0.6244579553604126, 0.6381984353065491, 0.6355469822883606, 0.5863373875617981, 0.5950248837471008, 0.5639737248420715, 0.5072086453437805, 0.5822394490242004, 0.4956435561180115, 0.5005470514297485, 0.5120018720626831, 0.5063450932502747, 0.6196492910385132, 0.4759790897369385, 0.5518680214881897, 0.6097189784049988, 0.4818710684776306, 0.5951611399650574, 0.6607864499092102, 0.7446845769882202]}